{"North Carolina": 0.2530488826545468, "Arizona": 2.314905505263499, "Pennsylvania": 0.19363839459029125, "Wisconsin": -0.41578813823725613, "Illinois": -0.6934539982428293, "Nevada": 1.2717824095668862, "Ohio": 0.53071474266012, "South Carolina": -0.8175906496191948, "New York": -0.8770011376834502, "Washington": -0.8801280054763059, "California": -0.8801280054763059}