{"Hawaii": -0.2690838922025061, "Illinois": 0.2394739800713171, "California": 4.640178487783409, "District of Columbia": -0.33642354803900393, "Arizona": 4.09025831557375, "Tennessee": -0.3442381227870291, "Pennsylvania": 0.4607546533073882, "Nevada": 2.590470477605113, "Wisconsin": -0.03675292186180571, "New York": 0.2694502003938198, "New Mexico": -0.3720775453268686, "North Carolina": 0.6012338446761838, "Florida": 0.004212544200107299, "Ohio": 0.5560558344141635, "South Carolina": -0.27057965065037026, "Minnesota": -0.3191460116820421, "Texas": 0.19997374677465882, "Colorado": -0.15754304794749108, "Arkansas": -0.41411141028011317, "Maryland": -0.2652987075589314, "Washington": -0.02848046187463848, "New Hampshire": -0.4056252705146796, "Virginia": -0.18058993831764333, "Georgia": -0.2325446501189667, "Massachusetts": -0.20235475001819772, "Oregon": -0.25357684543689374, "Kentucky": -0.39286553518391987, "Michigan": -0.246433835706277, "Nebraska": -0.4062663098494786, "Indiana": -0.340880297699987, "New Jersey": -0.21462607442720594, "Idaho": -0.39756649030577873, "Alaska": -0.4126461775148585, "Delaware": -0.4173776583193268, "Iowa": -0.396681245510104, "Missouri": -0.34332235230874486, "Vermont": -0.417713440828031, "Alabama": -0.4048926541320523, "Oklahoma": -0.3955517952535535, "Rhode Island": -0.40947150652347325, "Connecticut": -0.3587378220265288, "Kansas": -0.39433076794917454, "South Dakota": -0.4242459369064583, "Utah": -0.29481704264229197, "Louisiana": -0.3891414019055641, "Maine": -0.4164618878410426, "West Virginia": -0.40883046718867433, "Montana": -0.4126461775148585, "Wyoming": -0.4232691150629551, "Mississippi": -0.42155967683682466, "North Dakota": -0.4232996407455646}