{"AZ": {"West": 0.8494378601717951, "South": 0.06279004023050995, "Northeast": 0.03613787104490595, "Midwest": 0.05163422855278895}, "OH": {"Midwest": 0.669032537602905, "West": 0.11387129387005591, "South": 0.11440774134978439, "Northeast": 0.10268842717725463}, "PA": {"South": 0.1517799568630067, "Northeast": 0.6350254597202766, "Midwest": 0.09387854935183332, "West": 0.11931603406488338}, "NC": {"South": 0.7682894339555618, "Northeast": 0.08777507415235422, "West": 0.09349412997531215, "Midwest": 0.05044136191677175}, "NV": {"South": 0.09699406459376626, "West": 0.7925271543268296, "Midwest": 0.052816967615370636, "Northeast": 0.05766181346403344}}