{"NC": {"Bars": 0.3229356671646463, "Chinese": 0.11834292488113776, "Italian": 0.19497328403160916, "Mexican": 0.1488880849386282, "American\n(Tra. & New)": 0.21486003898397843}, "AZ": {"Chinese": 0.13915476070707783, "Bars": 0.3003066827497736, "American\n(Tra. & New)": 0.22076574515709615, "Mexican": 0.13856748410167521, "Italian": 0.2012053272843773}, "PA": {"Italian": 0.14586894114901208, "Mexican": 0.21503332584319354, "American\n(Tra. & New)": 0.2271446040440672, "Bars": 0.2756150977461232, "Chinese": 0.13633803121760396}, "NV": {"American\n(Tra. & New)": 0.2509490530949072, "Mexican": 0.11111153329506032, "Chinese": 0.14245587247196698, "Bars": 0.2994216903834273, "Italian": 0.19606185075463822}, "OH": {"American\n(Tra. & New)": 0.2192776600597231, "Italian": 0.17510782559294266, "Chinese": 0.1295146743646847, "Bars": 0.27700816128321926, "Mexican": 0.19909167869943023}}