{"NC": {"Bars": 0.20734702698122146, "Chinese": 0.19291085826602494, "Italian": 0.19928776874210202, "Mexican": 0.1983470982220786, "American\n(Tra. & New)": 0.20210724778857297}, "AZ": {"Chinese": 0.19092217969810743, "Bars": 0.20444320865087495, "American\n(Tra. & New)": 0.20078299287162907, "Mexican": 0.19963001024084956, "Italian": 0.20422160853853896}, "PA": {"Italian": 0.201480100714271, "Mexican": 0.19345478893181448, "American\n(Tra. & New)": 0.20274714612492917, "Bars": 0.2023119501802033, "Chinese": 0.20000601404878204}, "NV": {"American\n(Tra. & New)": 0.2005570095049161, "Mexican": 0.2002176017320914, "Chinese": 0.1899583656062462, "Bars": 0.20810855301860862, "Italian": 0.20115847013813767}, "OH": {"American\n(Tra. & New)": 0.20262425177608107, "Italian": 0.20329648798684194, "Chinese": 0.19609861826296715, "Bars": 0.20766673904882751, "Mexican": 0.1903139029252824}}